Paper	Authors	Link to paper	Link to dataset
Resolving the immune landscape of human prostate at a single-cell level (Cell Reports, 2021)	Clatworthy / Tuong et al.	https://www.cell.com/cell-reports/fulltext/S2211-1247%2821%2901628-4 :contentReference[oaicite:0]{index=0}	Prostate Cell Atlas (project portal; h5ad / downloads) — https://www.prostatecellatlas.org/ :contentReference[oaicite:1]{index=1}
Integrated single-cell transcriptomic analyses identify a novel lineage plasticity-related cancer cell type involved in prostate cancer progression	(Zhao / Zhang et al.)	https://www.sciencedirect.com/science/article/pii/S2352396424004341 :contentReference[oaicite:2]{index=2}	Zenodo deposit (authors' processed bundle / .rds / Data bundle) — https://zenodo.org/records/13941942 :contentReference[oaicite:3]{index=3}
Integrated analysis of single-cell and bulk transcriptomics develops a robust neuroendocrine cell-intrinsic signature to predict prostate cancer progression (Theranostics, 2024)	Zhang T., Zhao F., Lin Y., et al.	https://www.thno.org/v14p1065.htm :contentReference[oaicite:4]{index=4}	Spatial data (Visium) used in the paper: GEO GSE230282 — https://www.ncbi.nlm.nih.gov/geo/query/acc.cgi?acc=GSE230282 :contentReference[oaicite:5]{index=5}
Single-cell analysis of human primary prostate cancer reveals the heterogeneity of tumor-associated epithelial cell states (Nat Commun / 2021)	Hanbing Song / Franklin W. Huang et al.	https://www.nature.com/articles/s41467-021-27322-4.pdf :contentReference[oaicite:6]{index=6}	GEO (processed matrices / supplementary): GSE176031 — https://www.ncbi.nlm.nih.gov/geo/query/acc.cgi?acc=GSE176031 :contentReference[oaicite:7]{index=7}
A single-cell atlas of the mouse and human prostate reveals ... (eLife)	Authors: eLife consortium paper	https://elifesciences.org/articles/59465 :contentReference[oaicite:8]{index=8}	FigShare / project files for the prostate spatial atlas (large processed bundle) — https://figshare.com/articles/dataset/A_Single-cell_Atlas_of_Human_Prostate_Spatially_Resolved_Using_Spatial_Transcriptomics/25965613 :contentReference[oaicite:9]{index=9}
Visium spatial transcriptomics reveals intratumor heterogeneity and profiles of Gleason score progression in prostate cancer (iScience, 2023)	Zhang H. et al.	https://www.cell.com/iscience/fulltext/S2589-0042%2823%2902506-3 :contentReference[oaicite:10]{index=10}	Processed spatial supplementary / project (NGDC / FigShare): dataset pages (ST bundle / MTX/JSON) — https://ngdc.cncb.ac.cn/gsa-human/browse/HRA007547  and FigShare listing. :contentReference[oaicite:11]{index=11}
HuPSA & MoPSA: HuPSA and MoPSA Atlases Reveal Novel Cell Populations and Lineage Plasticity in Prostate Cancer (preprint / atlas)	Siyuan Cheng et al. (HuPSA/MoPSA)	https://www.biorxiv.org/content/10.1101/2023.08.11.553009v2.full :contentReference[oaicite:12]{index=12}	GEO / project / Seurat objects and portal (HuPSA/MoPSA resources & Seurat R objects): GSE246155 and project hub — https://www.ncbi.nlm.nih.gov/geo/query/acc.cgi?acc=GSE246155  and https://schoo7.github.io/pcatools/ :contentReference[oaicite:13]{index=13}
Single-Cell and Spatial Transcriptomics Reveal a Tumor-Associated Macrophage Subpopulation that Mediates Prostate Cancer Progression and Metastasis (Mol Cancer Res / MCR)	Authors (AACR / MCR paper)	https://aacrjournals.org/mcr/article/23/7/653/763052/Single-Cell-and-Spatial-Transcriptomics-Reveal-a :contentReference[oaicite:14]{index=14}	Datasets integrated / referenced in the paper (examples): GSE181294 (scRNA) and GSE245389 (spatial) referenced in methods / supplements — see methods / supplement. :contentReference[oaicite:15]{index=15}

